#{"t_start": 1762704241.0969076, "env_id": "None"}
r,l,t
1261.9999,2000,258.866481
1243.7009,2000,258.866583
1226.7028,2000,258.866598
957.00006,2000,258.866608
947.0,2000,258.866616
1265.4005,2000,258.866625
954.4,2000,258.866634
1512.8,2000,258.866642
1255.2006,2000,258.86665
1257.1006,2000,258.866658
1230.9012,2000,258.866669
1178.0,2000,258.866678
1228.2997,2000,258.866686
1197.6001,2000,258.866694
1466.6003,2000,258.866702
1239.802,2000,258.86671
579.10925,2000,548.706947
631.6013,2000,548.707035
860.30334,2000,548.707046
801.4999,2000,548.707055
1032.2014,2000,548.707064
729.10315,2000,548.707072
753.8074,2000,548.70708
593.20776,2000,548.707088
609.80225,2000,548.707097
589.7062,2000,548.707104
606.9027,2000,548.707113
770.9022,2000,548.707121
753.90564,2000,548.707129
778.0034,2000,548.707138
874.3019,2000,548.707146
629.90015,2000,548.707154
613.60205,2000,871.780812
602.90784,2000,871.780919
610.90295,2000,871.780937
880.1034,2000,871.780951
626.001,2000,871.780964
1137.1019,2000,871.780977
869.3019,2000,871.78099
611.4053,2000,871.781003
626.802,2000,871.781016
884.5001,2000,871.781029
620.0039,2000,871.781041
623.802,2000,871.781054
866.7047,2000,871.781067
860.9037,2000,871.781079
867.40137,2000,871.781092
868.5011,2000,871.781106
626.7025,2000,1202.610444
873.00244,2000,1202.610551
629.4009,2000,1202.610571
874.5016,2000,1202.610584
639.9,2000,1202.610598
629.2014,2000,1202.61061
883.1022,2000,1202.610623
614.9037,2000,1202.610636
624.60156,2000,1202.610648
618.20337,2000,1202.610662
634.3009,2000,1202.610676
888.0,2000,1202.610689
630.3026,2000,1202.610702
615.0039,2000,1202.610714
867.10266,2000,1202.610727
1411.0,2000,1202.61074
634.901,2000,1527.500428
625.70056,2000,1527.500645
622.10266,2000,1527.500668
892.0,2000,1527.500683
632.9015,2000,1527.500697
612.2036,2000,1527.500712
607.3041,2000,1527.500725
587.00977,2000,1527.500738
613.80273,2000,1527.500752
751.4011,2000,1527.500766
610.604,2000,1527.500778
791.0,2000,1527.500793
1370.6003,2000,1527.500806
615.0027,2000,1527.500819
629.1024,2000,1527.500832
618.4026,2000,1527.500845
752.6655,741,1646.048959
626.4021,2000,1839.867482
755.50134,2000,1839.867598
873.0017,2000,1839.867617
850.80664,2000,1839.867632
631.10266,2000,1839.867646
591.00806,2000,1839.86766
632.00244,2000,1839.867674
636.90027,2000,1839.867687
612.00415,2000,1839.867701
628.40234,2000,1839.867714
1157.9008,2000,1839.867727
626.2012,2000,1839.86774
639.1002,2000,1839.867754
640.3002,2000,1839.867768
626.4005,2000,1839.867781
620.10315,2000,1976.921295
605.505,2000,2164.188373
865.8032,2000,2164.188471
613.00415,2000,2164.188485
618.20215,2000,2164.188498
618.1041,2000,2164.188522
623.90076,2000,2164.188571
621.40186,2000,2164.188588
1153.4001,2000,2164.188601
630.30164,2000,2164.188615
602.4053,2000,2164.188628
607.0044,2000,2164.188641
628.10266,2000,2164.188654
606.6035,2000,2164.188667
868.8042,2000,2164.18868
862.8059,2000,2164.188693
624.4026,2000,2304.618074
879.8037,2000,2503.63431
617.3026,2000,2503.634466
741.6023,2000,2503.634485
1291.4001,2000,2503.634498
634.6023,2000,2503.634512
610.0039,2000,2503.634525
805.4121,2000,2503.634538
1127.9071,2000,2503.634552
604.30554,2000,2503.634565
617.7023,2000,2503.634579
598.80444,2000,2503.634592
595.407,2000,2503.634605
594.406,2000,2503.634618
614.50305,2000,2503.63463
632.2007,2000,2503.634643
622.10144,2000,2634.445496
597.3065,2000,2837.179417
753.6,2000,2837.179523
620.60254,2000,2837.179541
603.1051,2000,2837.179555
600.4072,2000,2837.179569
734.7036,2000,2837.179581
617.703,2000,2837.179595
747.7018,2000,2837.179607
866.90295,2000,2837.17962
599.7052,2000,2837.179633
1121.1046,2000,2837.179646
765.7069,2000,2837.179659
859.60474,2000,2837.179672
615.3043,2000,2837.179686
604.40356,2000,2837.179698
1652.5018,2000,2958.867741
1233.5011,1219,3033.132508
879.60034,2000,3154.683034
865.90125,2000,3154.683245
751.3019,2000,3154.683266
861.8052,2000,3154.683281
607.9049,2000,3154.683294
617.1034,2000,3154.683373
621.20386,2000,3154.68339
733.9037,2000,3154.683404
1534.101,2000,3154.683417
609.8054,2000,3154.68343
583.0088,2000,3154.683443
600.505,2000,3154.683457
744.90247,2000,3154.68347
815.2012,2000,3154.683484
772.7001,2000,3275.782594
1004.50305,2000,3342.986485
993.1044,2000,3423.188235
734.2053,2000,3423.18832
1087.603,2000,3423.188332
720.8069,2000,3423.188341
736.20337,2000,3423.188349
863.40405,2000,3423.188358
1233.8052,2000,3423.188366
731.80444,2000,3423.188374
987.9042,2000,3423.188382
992.80396,2000,3423.18839
687.01245,2000,3423.188399
776.00415,2000,3423.188407
716.9071,2000,3423.188416
665.30676,2000,3423.188424
617.40405,2000,3584.6292
630.70056,2000,3737.588078
1000.8037,2000,3820.157736
744.9027,2000,3820.157861
1243.6016,2000,3820.15788
743.30286,2000,3820.157897
734.40454,2000,3820.157913
1072.8054,2000,3820.157931
757.50037,2000,3820.157944
764.80005,2000,3820.157957
740.3036,2000,3820.157969
723.8071,2000,3820.157985
757.40015,2000,3820.157998
664.3019,2000,3820.158013
984.7064,2000,3820.158026
1002.3041,2000,3820.158039
736.6045,2000,3992.804367
1772.8018,2000,4064.401872
1667.0,1425,4066.369265
1863.0,1613,4135.250994
1601.6042,1631,4135.45816
1608.801,1727,4136.490414
727.2053,2000,4139.311791
2139.9058,2000,4139.31189
728.70667,2000,4139.311908
708.11,2000,4139.311922
715.00854,2000,4139.311935
1385.1031,2000,4139.311948
1687.7035,2000,4139.31196
741.70374,2000,4139.311974
1059.9081,2000,4139.311986
1080.1049,2000,4139.312
797.3163,571,4269.874283
1345.7062,2000,4333.68144
2906.0,1206,4398.134014
1521.5026,2000,4398.27268
1662.2024,2000,4400.377816
741.5043,2000,4402.208498
899.20483,2000,4402.384179
1087.5035,2000,4477.609074
2088.102,1949,4479.917504
2000.7008,2000,4480.440907
1692.0,2000,4480.440994
1359.3055,2000,4480.441012
1911.6011,2000,4480.441026
736.2036,2000,4480.441039
751.9032,2000,4480.441052
2021.2012,2000,4480.441065
2073.0017,2000,4599.370093
718.80615,2000,4656.621976
1190.164,987,4659.022354
674.1168,2000,4719.66229
1567.7025,2000,4719.782511
1115.7037,2000,4721.801257
867.6118,2000,4723.643199
694.71155,2000,4723.834919
2374.4028,2000,4806.237937
1046.1112,2000,4808.612325
874.9105,2000,4809.123585
1432.4001,2000,4809.123671
1059.9078,2000,4809.123686
2058.612,2000,4809.123696
952.41064,2000,4809.123706
995.4038,2000,4809.123716
2058.0,2000,4904.09768
1609.8103,1447,4904.993989
1346.8059,2000,4968.775667
909.6035,2000,4971.322622
724.00586,2000,4973.992397
1472.0076,2000,5052.178052
2002.1111,1549,5052.906072
751.61426,2000,5054.061525
711.10974,2000,5054.261188
2298.8083,1705,5055.056106
1838.1041,2000,5055.26928
1582.6038,2000,5137.256309
887.7069,2000,5137.256412
1059.3094,2000,5137.25643
1656.0122,2000,5137.256444
1574.0061,2000,5137.256457
2216.0002,1229,5219.044665
3330.0,1790,5219.89174
2111.7046,2000,5220.265299
2008.7074,2000,5221.132224
2475.0,1800,5292.262826
1414.6028,1233,5304.076016
1764.5009,1497,5304.661877
2184.0,1339,5376.540102
1959.2286,1363,5376.781041
876.6089,2000,5378.219401
2068.2185,1574,5378.974036
1638.2444,943,5379.190103
2221.503,2000,5379.351567
2195.9033,2000,5380.350827
2235.7825,2000,5380.613252
2041.9532,1506,5471.517699
4506.801,2000,5472.002106
1667.9076,2000,5472.002205
1775.669,1451,5472.227265
1215.496,767,5473.328645
2204.5034,2000,5564.240685
1653.1167,1695,5564.608922
2062.27,1294,5565.370035
1343.0476,999,5566.176028
1832.101,1140,5566.521136
2476.0967,2000,5567.086804
2681.4004,2000,5647.782544
2127.0017,1199,5647.82329
1579.9508,1003,5648.166031
1599.6631,1035,5650.201438
2254.8708,1603,5650.867814
1687.9636,1377,5729.417553
2247.395,2000,5730.675342
2482.3318,1981,5731.273761
2802.7002,1589,5731.60529
1574.3606,1027,5815.740119
2161.9062,2000,5816.109873
1607.1725,1325,5816.508298
3651.0,1531,5886.434788
2886.0,2000,5887.232868
2019.8083,2000,5887.516432
1515.4075,2000,5888.320767
1619.416,2000,5889.076627
1726.6118,2000,5889.978745
2030.304,1730,5969.030899
1355.6057,2000,5969.329963
1397.6104,2000,5972.343513
667.51746,2000,6037.61803
1449.6067,2000,6049.612654
2290.0037,2000,6050.247735
1034.0156,2000,6050.633885
1812.8005,1190,6123.082096
875.7113,2000,6124.04642
700.40967,2000,6124.415605
2440.0,1488,6124.675945
1230.7074,2000,6124.811888
1333.8091,2000,6207.167023
1458.4048,2000,6207.952956
3050.0,1627,6208.194307
1709.7076,2000,6209.012931
1432.833,1131,6209.594528
2055.4004,2000,6210.635712
983.30774,2000,6211.803556
1618.6721,993,6310.87362
1642.4026,1676,6312.177826
1526.0046,2000,6312.640502
1525.9052,2000,6314.338036
1783.9,1528,6389.070168
866.2117,2000,6389.473565
1823.606,1790,6392.178509
879.0083,2000,6392.752727
1055.0198,2000,6462.732447
2334.8,2000,6520.168111
1729.6086,2000,6521.056525
1507.0103,2000,6521.29833
2156.6045,1892,6521.606266
653.82007,2000,6533.876113
865.4126,2000,6535.43428
2620.3018,2000,6536.62692
1407.9844,1737,6537.25252
1681.0,1019,6630.796783
2187.964,1829,6630.796893
3719.4028,2000,6631.297093
1356.3717,1773,6634.51075
1763.4102,2000,6634.657538
2473.0002,2000,6710.149417
1776.4686,1727,6710.88556
879.9142,2000,6713.093315
1610.1252,1606,6782.977782
2032.404,1406,6794.790637
1758.5286,1657,6795.207911
2170.7065,2000,6797.478363
1575.2539,1131,6866.675262
1494.4138,2000,6867.131644
1994.0063,2000,6867.90462
1605.3011,1237,6870.257044
1903.3138,2000,6870.648895
2643.3997,2000,6871.216779
1943.5055,2000,6871.705214
1728.9098,2000,6871.705319
1481.5111,2000,6954.833442
1809.3109,2000,6957.870857
1998.4099,2000,7008.716776
1209.7454,761,7010.179222
1691.711,1881,7010.216517
1793.2957,1381,7018.387725
1996.2438,1053,7019.135985
1650.876,1497,7083.059782
2665.2004,2000,7083.119526
2268.7983,2000,7083.600111
2455.1035,2000,7083.948873
2128.0046,2000,7086.345201
2585.0,1156,7086.429441
1884.705,2000,7146.099686
2034.6421,1551,7146.108725
1633.1149,2000,7148.688169
2759.106,2000,7149.597209
1847.3055,2000,7150.02965
1186.3237,901,7203.687034
1614.0,961,7203.810515
1636.802,1463,7203.979941
1405.6394,1181,7211.714409
1626.3944,1745,7212.839267
3857.0,1923,7212.917165
1704.4573,1178,7271.232331
2002.0,1218,7271.81825
1740.5814,1295,7272.095962
2000.9098,2000,7272.338556
1345.7123,2000,7272.873641
1022.0149,2000,7332.096364
3133.6418,1809,7333.912757
2212.1,1468,7333.921167
2285.805,1618,7384.333718
3111.1006,1446,7384.350305
2042.5541,1663,7385.071801
2016.3777,1758,7393.481942
2331.2239,1622,7393.706163
1800.9,1036,7393.785847
1853.0651,1180,7394.092756
1806.2672,1578,7394.590933
1992.6042,2000,7459.863118
2691.3965,2000,7462.351862
1938.5765,987,7463.548742
2115.2107,1845,7512.608642
1418.0161,2000,7512.753895
2029.1672,1362,7513.010513
2073.309,2000,7513.39237
1644.8759,1194,7514.464163
3144.7021,1787,7514.511187
2131.9023,1183,7515.928271
2006.8864,1358,7579.061816
2918.2905,2000,7579.554466
2315.9246,1772,7579.827951
1704.5381,1376,7586.345403
1579.301,897,7587.541678
2159.105,1665,7645.515956
2796.0,1624,7646.462809
1972.3763,1171,7647.322538
1588.0526,1097,7647.336407
2006.0853,1966,7647.670733
2450.5244,1832,7707.100685
1566.4613,969,7707.783402
2009.7345,1282,7707.897299
2885.0,1552,7708.652002
1209.5742,719,7708.720417
2485.3757,1681,7709.595903
2615.9048,2000,7709.733968
2652.3794,2000,7772.594173
2023.6594,1125,7773.009581
1707.2175,1301,7773.804754
2412.37,1679,7781.826365
1645.9484,1212,7782.50141
1785.623,1397,7839.544165
2562.5303,1986,7839.699147
2624.0603,1884,7839.914502
2181.9426,1451,7839.982582
1607.2103,1049,7840.823963
1650.3145,1039,7841.544202
1574.3845,1055,7841.739978
1675.3368,927,7841.764397
1826.001,1235,7842.278148
1701.2927,1069,7842.784187
821.43677,453,7918.42779
2315.0,1161,7918.482516
1604.474,1013,7918.511695
1410.296,963,7919.440797
1618.8555,1347,7920.420216
1185.2704,637,7920.89759
2871.3027,1925,7980.860621
1187.4613,639,7980.987254
1716.0,941,7981.182766
2271.0,1284,7982.381194
1733.4498,1157,7982.473536
1216.2764,677,7990.340545
2029.361,1402,7991.291576
1629.6707,1386,7991.371764
2205.5605,1153,8057.477926
1582.5602,927,8060.209949
2415.703,1328,8060.713153
2451.4363,1695,8111.931863
2855.7136,1805,8112.602718
1867.3235,1192,8112.993823
2606.0,1481,8113.00173
1707.9052,1435,8113.558679
1734.7603,965,8115.386818
2053.7002,1271,8115.644345
2464.0308,1587,8115.865355
799.33014,495,8116.001431
1635.0074,1298,8185.394138
1981.4747,1177,8186.323366
1202.3724,653,8186.556606
2616.7725,1816,8187.009923
2256.463,1425,8194.022422
2644.0962,1893,8194.078018
1651.7429,945,8259.002023
2066.522,1247,8259.075785
3028.5999,2000,8259.286892
2556.0,1311,8260.106255
1869.9518,1242,8260.493417
1663.1786,954,8261.206807
1598.6617,1011,8261.421697
1610.0552,1016,8261.961668
1242.4183,723,8262.10975
1826.9008,1069,8329.777238
1879.0529,1166,8331.872046
2342.8828,1155,8333.501872
2517.105,2000,8382.268572
1658.7207,864,8382.387547
2022.7174,1037,8382.689254
2054.7336,1422,8383.70643
2037.4518,1268,8391.499333
1658.6626,1135,8391.50775
1966.2936,1074,8452.246028
1972.0907,1405,8452.259242
2047.7296,1067,8452.335601
1801.8828,1096,8452.958333
2386.9014,2000,8453.768729
2547.3374,1889,8453.920076
2045.9473,1457,8454.536526
1218.9663,715,8454.585054
1202.8152,757,8523.665278
2533.6953,2000,8525.400453
2461.952,1639,8525.49081
1714.7806,1139,8575.463172
2414.2952,1659,8575.9395
2606.0,1828,8578.343824
1208.5599,761,8578.44867
2175.1536,1365,8585.196245
2042.6401,1497,8585.585316
2444.6113,1556,8643.111925
2487.3367,1571,8643.32951
2156.4082,1418,8643.565734
2789.6016,2000,8643.672421
2460.5586,1951,8644.306262
1198.335,625,8704.006635
2777.0,1789,8704.015096
1240.4277,677,8704.065715
3134.891,1963,8704.754587
3341.7363,1968,8705.442465
2737.4424,1469,8706.025289
1986.2682,1357,8706.390164
1576.9135,851,8706.988151
2180.7156,1406,8707.294338
2418.3577,1167,8773.619155
2019.8762,1106,8773.831639
2094.8352,1361,8774.410522
3139.0005,1913,8774.544263
1990.1205,1089,8774.665091
2338.6997,1355,8775.632386
1741.3549,849,8775.769764
1699.974,892,8776.14888
1726.9144,948,8852.172271
2575.371,1660,8852.69402
2060.7322,1157,8905.512238
1212.6366,747,8906.118406
1589.4506,992,8906.591321
1991.2114,1671,8907.136833
1729.7444,1100,8907.39722
2248.5986,1273,8907.872617
3647.0,2000,8909.026028
1762.8564,1333,8970.744578
2003.037,1251,8971.296139
3403.98,1744,8971.642159
3337.1077,1819,8971.64223
3016.9014,2000,8972.713916
1769.0602,1181,8973.169897
2616.5305,1755,8973.545407
1641.6208,897,8974.399094
2045.7902,1123,9051.501775
2846.4045,1951,9051.758546
2745.6633,1650,9052.242316
1807.6066,1145,9052.712724
1614.2682,979,9109.36218
2080.314,1355,9109.785333
2289.2449,1329,9110.068519
2784.7202,1637,9111.389512
2032.6143,1254,9111.708264
2164.7092,1114,9112.501297
2416.5083,1488,9112.679803
2861.8499,1559,9177.87458
1656.9219,873,9178.565451
2393.8738,1434,9178.780113
1200.2944,699,9179.881846
2440.42,1421,9179.962835
1645.0681,986,9179.994911
2035.7902,1130,9180.004225
819.82684,433,9180.316351
3112.3018,2000,9180.959915
3327.0,1895,9262.02422
2036.8965,1191,9263.643441
1613.2301,1012,9263.740657
2870.5012,1595,9264.083782
2046.5026,1329,9264.390759
1195.2153,603,9264.978678
1204.3042,611,9326.404083
1600.9663,985,9327.415171
2578.3882,1620,9329.621241
2413.893,1202,9379.844488
2476.6113,1482,9380.038833
1588.2192,855,9380.640564
2159.0642,1395,9381.408677
2458.6816,1363,9381.416782
2981.7026,1954,9382.612323
2706.6843,1745,9382.93749
1986.6462,1039,9382.95324
1657.5657,1022,9454.926708
2805.0,1256,9455.882965
2099.5522,1425,9456.467265
3281.7988,2000,9456.94781
2877.805,1829,9457.785378
2842.7627,1697,9458.465817
2156.8997,1133,9519.083604
1651.5084,968,9520.197913
2455.0,1177,9520.503958
1584.0952,1035,9522.314351
1621.3198,979,9576.734665
3169.3423,1896,9576.872633
2996.862,1545,9576.993227
2399.1755,1552,9577.860456
2401.543,1469,9579.396078
2217.0088,1617,9580.291468
1595.5408,1104,9637.549341
2990.9236,1934,9644.70013
2457.3616,1426,9644.85344
1950.7869,1152,9645.156873
2818.2375,1452,9645.604491
1221.3608,643,9646.033787
1582.2107,847,9646.844861
2854.805,1774,9647.141588
1644.6072,873,9717.247958
3000.0,1699,9717.592566
3707.5,2000,9717.75928
2359.766,1404,9718.035686
1693.0922,1009,9775.003738
2121.8486,1998,9775.042688
3080.0,1693,9775.242826
3015.986,1887,9775.80013
2371.0,1312,9776.373894
2737.6514,1426,9777.932688
1955.6969,1785,9839.816984
2415.9011,1429,9846.409892
2283.7017,1244,9846.460682
2441.8154,1438,9846.94477
2536.0,1385,9847.315196
1218.1489,921,9847.562032
2358.5703,1713,9847.994822
1598.1741,909,9913.959949
2436.8171,1235,9914.389385
2421.7246,1575,9916.26923
2001.0173,1217,9916.664779
2413.9814,1613,9916.968121
2396.463,1233,9973.824636
2053.7903,1436,9974.108398
1723.7794,882,9974.560089
2140.841,1470,9975.199891
1885.0425,1110,9976.181931
2216.619,1250,9976.453705
1600.753,955,10037.174069
2207.6602,1488,10037.556617
2366.9832,1438,10067.850321
2447.3547,1755,10067.940418
2746.2031,2000,10124.478352
2296.1553,2000,10125.381059
2161.6008,1379,10126.201366
1966.4277,1191,10126.248255
2721.0,1384,10126.541605
2514.7607,1535,10127.154197
1633.8853,1115,10127.725614
2543.828,1980,10128.452042
2040.5938,1166,10192.779448
2007.5035,1615,10193.011011
2151.495,1504,10194.037815
1576.8918,1764,10194.910456
2524.0005,2000,10195.507567
2145.2058,1611,10258.24539
2166.8472,1461,10258.292411
2543.7097,1665,10259.986662
1611.7452,1264,10260.25169
2659.0,1308,10314.943048
2619.938,1596,10315.414354
2542.0757,1513,10317.187601
2608.0,1499,10317.643869
2159.2097,1236,10317.956059
2161.0,1148,10318.226542
3022.8794,1977,10378.278988
1799.505,2000,10378.501935
2714.9905,1377,10379.13596
2032.8914,1179,10379.419579
3563.0,2000,10380.575932
1986.2054,1116,10380.820838
1722.6088,1171,10381.014904
1620.4844,961,10444.247901
3118.8003,2000,10444.958323
2421.8413,1592,10452.346503
3564.0,2000,10454.297455
2118.51,1178,10792.701332
2022.4277,1181,10794.734001
1990.4021,1276,10795.309432
1972.7665,1162,10795.575787
2571.0916,1613,10795.640536
3432.0015,2000,10796.099841
1958.16,1145,10854.54189
3665.0007,1786,10855.31415
3208.7017,2000,10856.276763
2835.9004,1595,10856.757399
2186.0112,1297,10857.32067
1622.7338,1216,10917.203373
3109.0,1807,10924.971593
2331.7659,1958,10925.963874
3466.1885,2000,10926.910329
3190.8003,1939,10980.354263
2678.0205,1711,10981.679011
2024.6832,1309,10981.816369
2378.4036,1434,10982.409712
2077.5374,1349,10983.477279
2751.5974,1482,10983.81884
2495.3257,1704,10983.82812
2697.9805,1677,11046.383321
2027.2582,1279,11046.923387
2050.5984,1425,11047.552323
1701.8774,1215,11048.465622
2588.2307,1987,11048.71422
2640.0012,1682,11049.291955
2518.0,1310,11110.371559
2640.0,1428,11119.459919
1968.1932,1419,11121.317751
1602.4945,1281,11168.067932
1599.2898,1119,11168.357575
2511.0,1390,11168.854303
1863.5477,1157,11168.98975
1611.735,1220,11170.580901
1594.7444,1147,11170.614625
2911.6013,2000,11171.451471
1983.4429,1269,11237.439193
3542.0,2000,11237.661821
3367.0,2000,11239.003263
2619.693,1585,11239.011662
2835.0957,1957,11239.224666
1702.5751,1113,11293.247012
816.5216,2000,11302.561372
2731.2031,2000,11302.802601
2499.1416,1601,11303.124855
1600.1063,1136,11359.10684
1855.4456,1822,11361.853907
1829.406,1550,11361.889796
1592.4017,978,11362.48233
1609.342,1168,11362.689345
3048.6013,2000,11363.028823
2750.373,1935,11422.39663
1754.1041,2000,11422.818859
3188.0005,2000,11424.658679
1832.6914,1439,11477.848648
1766.0015,2000,11478.273266
2389.901,2000,11487.26091
2427.0,2000,11487.480924
2537.801,2000,11542.65712
1784.8069,2000,11544.507378
1890.9098,2000,11544.816588
1509.2092,2000,11546.582788
2196.569,1711,11598.289235
1684.8002,1585,11598.601183
2609.7085,2000,11600.057762
1666.8062,2000,11600.091598
1196.9911,875,11600.823889
1351.8098,2000,11600.887711
2480.9048,2000,11601.217262
887.30725,2000,11601.599097
1471.914,2000,11664.890349
2600.9038,1886,11674.527006
1473.5111,2000,11720.579584
1531.2034,2000,11722.068371
1152.6072,2000,11722.297525
2072.0,2000,11777.871225
866.91064,2000,11778.166535
1962.5599,1455,11779.079433
1690.4496,1484,11779.675332
2139.0037,2000,11779.930619
865.8125,2000,11838.829527
1495.6018,2000,11839.164702
906.2117,2000,11840.607801
907.5043,2000,11840.643049
940.9061,2000,11870.840662
2072.7007,2000,11870.908423
816.2092,2000,11934.581885
1608.2073,2000,11936.857723
1560.4001,2000,11984.209586
1579.3896,1642,11985.68681
1511.3077,2000,11985.752778
1583.1036,2000,11985.987058
705.91125,2000,12043.187535
915.3031,2000,12044.128981
1905.9056,2000,12074.173271
1779.9078,2000,12074.436014
1706.4023,2000,12075.128439
708.10876,2000,12130.761058
1751.9049,2000,12132.193664
2014.2048,2000,12132.226551
2100.2002,2000,12132.9604
1709.1012,2000,12133.028636
1841.4077,2000,12192.006426
1612.096,1339,12192.047801
1953.5011,2000,12194.335482
1975.7749,1219,12194.971614
1603.942,1155,12246.802691
1594.3119,2000,12247.175337
1763.7076,2000,12248.596602
1761.5004,2000,12248.670014
884.10876,2000,12333.919932
2420.457,1611,12334.952391
3357.0,1845,12335.419806
2180.9058,2000,12335.460294
2308.9058,2000,12336.345818
2315.7031,2000,12446.097317
1779.4532,1992,12446.707019
2381.4011,2000,12446.831237
2189.0,1180,12448.199457
2010.3396,1886,12448.746078
1184.7338,865,12448.780436
1536.9012,2000,12506.100894
1737.0027,2000,12508.0192
2912.0027,2000,12537.504655
1416.7054,2000,12537.806183
1517.0046,2000,12589.815104
1686.0444,1905,12590.477063
1209.167,713,12640.479129
2362.898,2000,12640.775607
1658.3114,2000,12641.192115
2311.7026,2000,12641.226444
2332.8892,1675,12641.905131
2385.401,2000,12642.070119
1409.1677,1045,12642.652362
2230.1045,2000,12709.567261
2662.6018,2000,12710.288043
2119.005,1926,12711.07662
1740.7068,1547,12711.798567
2215.9023,2000,12741.601948
1852.7054,2000,12741.642849
2158.8958,1941,12742.067687
1621.0459,1531,12805.035458
2206.8037,2000,12807.898841
1225.6311,681,12854.079683
1586.8934,1163,12855.44496
1582.4404,1819,12903.038893
1641.7899,1101,12903.167205
730.605,2000,12903.600436
2407.2026,2000,12903.854657
2850.502,2000,12904.270558
2199.3926,2000,12904.888801
2608.0,2000,12905.061731
1696.3864,1480,12905.367797
940.8015,2000,12905.586948
920.90515,2000,13007.49054
932.90173,2000,13008.195922
2434.659,1935,13008.736285
1580.7018,2000,13061.642812
1623.1244,1150,13063.139864
1711.8208,1217,13064.372711
1589.9702,1292,13064.47313
1945.6091,2000,13064.493878
1721.0171,1166,13064.791904
2653.0,2000,13064.922966
2200.2686,1541,13123.745111
2038.7659,1402,13124.563935
3472.0007,2000,13124.59753
1337.9012,2000,13156.16898
2418.8154,1668,13209.481952
1826.1534,1619,13211.80837
3317.843,1969,13211.873551
2724.7002,2000,13265.58032
1960.8407,1245,13265.804577
3296.3008,2000,13266.824451
2024.0485,1352,13267.156065
2861.0012,1641,13267.43159
2159.7268,1466,13267.480954
1987.008,1221,13267.639116
3208.2004,1867,13267.653547
2426.8875,1540,13268.304018
2007.24,1607,13268.47933
1600.4258,869,13341.677989
2731.0957,1690,13342.050869
2363.7847,1421,13343.502306
3027.0,2000,13426.208093
1186.3345,827,13426.577288
1594.3899,881,13426.775684
3115.4023,1811,13427.235117
1970.3494,1091,13427.79304
2316.7644,1294,13428.204684
1889.6024,1076,13428.322243
1706.7256,1099,13428.615698
1944.8634,1223,13494.644396
1609.5248,989,13495.67993
1578.0776,905,13496.728633
3714.0,2000,13496.783667
2122.0576,1491,13497.972168
2361.535,1541,13498.546576
2188.07,1983,13558.131252
1602.9856,987,13558.96565
1197.4305,871,13559.226307
2196.0134,1258,13560.527285
1996.3618,1232,13561.380652
2167.2056,1244,13647.173448
2540.802,2000,13647.194726
2449.8718,1491,13648.468105
1596.7288,1135,13648.796941
1626.5562,1166,13648.95284
2588.0,1329,13649.116379
1553.2201,995,13649.404963
2730.5894,1714,13711.192522
2240.5923,2000,13711.827587
2186.3079,1829,13712.755823
1586.2135,1055,13713.465878
1179.0251,845,13714.209759
1971.3291,1351,13769.893879
2438.3254,1519,13770.900905
1208.2524,721,13770.956832
1722.6455,1087,13771.594291
1543.4087,2000,13772.780546
2985.8003,2000,13773.619972
1571.2317,1057,13832.833955
1716.4574,1081,13847.92502
2009.0704,1327,13847.968282
1977.1383,1331,13848.488606
1584.3838,991,13848.835981
2610.4377,1894,13849.256644
1199.1525,711,13850.062227
2004.3291,1207,13911.676841
2764.1448,1609,13912.086124
1982.2683,1277,13912.108797
2340.8015,1975,13912.707379
2202.0,1360,13913.774745
2405.2473,1456,13969.946798
1988.2195,1241,13970.309304
2662.0,1752,13970.346347
1986.8219,1149,13971.522397
2171.0,1164,13971.66152
1974.2395,1321,14027.113859
2150.0151,1600,14036.810438
2306.8633,1687,14037.274404
2247.741,1506,14038.447869
1711.2931,1127,14038.801444
1715.7722,1028,14039.815881
1986.2278,1285,14039.988305
1702.1266,1026,14102.335852
1810.7211,1417,14102.446669
2194.6304,1800,14103.336472
3231.0,2000,14103.554313
1591.1266,1090,14104.589882
1960.568,1293,14160.25892
1585.6329,1456,14160.266176
2147.6807,1578,14161.066998
2869.0,2000,14162.045321
2160.8025,1333,14162.302288
1990.7493,1341,14162.818549
1993.5688,1285,14162.880014
1702.4128,1213,14163.516373
1966.3899,1245,14230.731362
2001.5742,1149,14243.765328
1996.9183,1139,14244.30354
1837.9076,1170,14244.65191
1730.5769,1175,14245.79126
1596.2135,947,14246.400574
2814.7053,1625,14306.214569
1989.8987,1275,14306.303906
1623.0278,950,14307.966891
1601.4872,969,14308.200724
2045.7435,1380,14309.37572
1964.5215,1331,14365.912448
2151.2349,1628,14366.175462
2482.9004,2000,14366.346992
1996.2858,1205,14366.432791
2030.4495,1185,14367.740423
1772.6744,1292,14367.952563
2440.7605,1612,14446.044661
2043.7695,1374,14446.589694
1985.8734,1163,14446.806975
2366.005,1976,14446.890248
2149.1448,1302,14447.727368
2108.3022,1477,14448.023005
1608.1638,1007,14448.643611
1688.1589,1219,14512.883563
1589.3977,1045,14513.498432
2944.0,2000,14514.120709
1588.6929,1184,14515.373564
1997.4567,1205,14515.432651
1977.8401,1311,14516.062023
1336.6836,829,14578.933249
2176.198,1287,14579.611182
2152.6714,1352,14579.895941
1558.2192,1021,14580.576288
2763.5,2000,14580.775737
1192.9846,713,14581.528703
1590.8718,1001,14581.589303
1584.6989,1067,14581.743663
2438.8438,1553,14681.213068
3005.3481,1649,14681.373017
1781.7231,1315,14681.505074
1596.1377,1284,14681.784775
2156.7742,1291,14682.471021
1605.9154,1151,14683.168357
1583.8228,1073,14742.904675
1982.3552,1419,14743.731017
2154.9883,1502,14744.963272
1573.3685,1023,14745.014902
1596.742,1186,14745.209569
2734.7468,1527,14802.853837
2154.8809,1434,14803.997929
1605.7545,1064,14804.004766
2709.4207,1563,14804.674788
2323.0417,1769,14805.424782
2498.1929,2000,14862.260971
1601.7844,1413,14862.64528
1990.3868,1295,14880.982131
2360.5425,1432,14881.453966
1572.5598,1015,14882.388846
2167.9407,1754,14882.751408
1969.7856,1217,14941.191496
2400.5305,1512,14941.270692
2475.0,2000,14942.433128
2413.5916,1708,14943.383399
2002.3291,1213,14944.272789
1609.1853,1227,14997.802664
2743.106,1545,14998.25231
2001.4102,1175,14999.164038
1989.3262,1147,14999.530339
2233.7969,2000,14999.576684
1603.458,921,14999.643708
1973.4504,1301,14999.681748
2743.0002,2000,15093.758768
2129.1897,1931,15094.727367
2030.5284,1678,15094.862089
2010.335,1281,15147.13744
1988.3899,1253,15147.730531
1984.7067,2000,15148.775145
2768.2954,1696,15149.159647
1570.9144,2000,15150.025776
2682.0015,2000,15208.033891
2327.5974,1466,15208.058295
2005.6311,1269,15208.45033
1967.1327,1349,15208.961236
2227.8005,1670,15210.035395
1978.3643,1160,15210.824591
2122.9119,1615,15210.918645
1614.0504,1215,15271.843802
2162.9255,1790,15271.998951
2001.6467,1227,15272.05471
1762.6064,2000,15301.24818
1643.6534,987,15303.200457
1978.1788,1281,15357.114554
1755.6075,1119,15357.16177
1604.6831,1399,15358.405953
2423.5337,1710,15358.677247
1983.8285,1205,15360.018021
2599.8994,1823,15360.236823
1997.299,1597,15419.640031
2152.8306,1541,15419.654928
2180.973,1484,15419.750869
2185.0571,1372,15420.835699
1999.5,1219,15421.167699
2198.9443,1373,15422.166726
2690.1975,1711,15483.238478
1747.0192,1318,15514.330192
1996.8219,1205,15514.360618
1221.9241,763,15514.768069
2155.7944,1780,15514.89469
1985.3406,1311,15515.190003
2752.2258,1727,15515.483145
1589.248,993,15515.828291
1621.4352,949,15516.281211
2158.9333,1405,15588.572035
1981.2338,1173,15589.449847
1972.6263,1353,15589.766603
1645.8466,1025,15589.773349
2416.8306,1671,15590.86134
1571.7723,1294,15591.450353
1592.0338,1063,15649.832102
1574.0315,1231,15649.946452
1592.9015,1236,15652.962558
1584.8002,1153,15703.41925
2163.7468,1290,15703.75762
1977.6587,1343,15703.793492
2575.2305,1472,15735.089964
2099.2786,1497,15735.551031
1624.3395,1249,15735.671052
2174.6042,1447,15735.796188
1994.3464,1127,15800.37111
2342.0742,1501,15801.490122
2407.7659,1559,15801.617229
2763.2407,1669,15802.700312
4356.0,2000,15803.090319
2001.805,1445,15861.323886
2573.23,1668,15861.583288
1628.9236,1189,15862.271502
2408.2507,1734,15863.349589
2138.6433,1315,15863.610132
2164.6428,1401,15864.579252
1987.385,1157,15864.763887
2441.557,1526,15928.70249
2147.5715,1298,15960.720835
1717.7544,1114,16011.997207
1973.7346,1727,16012.043567
1610.1362,1052,16012.242692
2196.973,1474,16013.115464
2000.9073,2000,16013.288043
1971.5822,1251,16013.426121
2176.0,1539,16013.502529
2765.0,2000,16013.828756
1570.3832,1204,16015.17119
2180.184,1663,16082.050174
2013.4667,1269,16083.446985
2423.8416,1664,16083.806649
1598.3059,935,16083.92989
1218.6646,695,16084.840902
1216.2772,715,16085.176526
1225.7771,723,16085.176607
1580.1322,1009,16148.897777
1606.6179,911,16149.070713
2465.215,1555,16149.103366
2243.439,1676,16149.110474
1596.4305,1083,16149.274847
1980.4386,1157,16149.782808
2305.3433,1912,16149.869817
813.39557,491,16149.954604
1628.3899,1037,16248.254557
2599.7783,1567,16248.522499
1615.805,931,16248.792394
2007.3059,1273,16298.566784
1956.1486,1161,16298.977439
2432.194,1667,16299.572564
2046.0996,1289,16299.592947
1585.3728,1235,16300.415808
1594.8481,1225,16300.524995
1993.9126,1237,16300.60789
1982.2886,1227,16301.231046
2381.0957,2000,16301.473279
2346.791,1454,16302.251263
1967.0916,1414,16370.76642
2734.003,1794,16401.778845
1999.3406,1215,16402.924116
1605.9407,989,16452.933056
2718.3965,2000,16453.118225
1600.8038,933,16453.556216
1606.5934,1117,16453.844165
2027.8713,1233,16454.0859
1806.0725,1341,16454.421127
2411.0,1532,16454.55297
2435.8213,1651,16454.822369
1964.2539,1347,16520.006519
1581.1416,1252,16520.167364
1995.6842,1261,16706.639809
1966.1731,1389,16707.44609
2181.2449,1655,16708.43203
2183.3076,1600,16710.479954
1556.4385,1003,16710.580393
1594.8002,1359,16778.436265
1582.0496,971,16778.779686
1997.9126,1231,16811.197541
2010.528,1329,16811.566769
2163.8367,1378,16811.750571
1556.6178,1153,16867.306592
1627.7214,1193,16867.313622
1989.3464,1253,16867.577163
1603.1266,978,16869.699422
2169.8813,1424,16870.723613
2004.1638,1101,16923.789682
1991.421,1331,16924.114819
2888.7002,2000,16925.216051
1959.4012,1273,16925.398857
1624.4653,1168,16926.398304
1589.4991,1132,16926.477754
3055.0,2000,16987.836574
1965.4987,1215,16989.326168
1622.0773,1249,16989.999177
3206.0,2000,16990.407543
1993.9493,1185,17081.282914
1689.649,1145,17082.690453
2159.7393,1717,17082.88372
2163.7595,1248,17083.129065
2770.635,1878,17083.709014
1609.4504,983,17083.83587
1988.3608,1105,17083.91022
2905.0,2000,17084.494534
1953.2106,1319,17084.600908
1874.0188,1222,17084.805002
2747.0,2000,17085.039196
2010.416,1159,17173.725899
2114.4038,1843,17226.448623
2266.7583,1490,17227.374537
2014.9747,1263,17227.532165
2438.685,1548,17228.227405
1590.8959,1011,17228.998218
2438.0627,1780,17261.453364
2048.8618,1310,17261.753382
1949.167,1347,17331.239873
1964.3123,1375,17332.770566
2142.5461,1592,17332.902735
2002.4363,1157,17333.597644
2211.0525,1573,17333.858216
2085.9587,1611,17334.284021
2662.8518,1695,17402.400743
1609.3696,925,17402.418463
1203.0114,749,17402.678805
1612.481,956,17403.788586
2241.0933,2000,17404.273468
2010.3464,1081,17404.694193
2501.9023,2000,17405.297221
2004.8582,1081,17474.614649
1587.7916,1014,17474.897765
1631.1465,1111,17510.733503
2115.898,1555,17511.046693
1603.4156,963,17511.160393
2217.014,1683,17570.755996
1618.3262,883,17571.380271
2165.9753,1476,17572.451518
3467.0,1977,17573.061583
2716.3088,1768,17574.009775
1992.54,1149,17574.256265
2434.0,2000,17574.379539
2737.9458,1719,17641.311246
2009.3958,1063,17642.316534
2763.304,1793,17643.23306
3028.0,2000,17643.690775
1589.0428,945,17701.267205
1992.4102,1223,17702.331872
1611.3059,865,17702.363385
1628.0,1130,17702.374452
1806.9066,2000,17702.395087
2161.543,1364,17703.388251
2003.5,1139,17704.202688
2008.2195,1073,17738.615739
2431.1528,1778,17738.635012
1989.5934,1131,17813.437952
2132.4707,1401,17816.036526
1596.3899,893,17816.075462
2418.7021,2000,17816.977947
2003.0,1127,17874.338376
2008.4567,1325,17875.120298
2151.7776,1551,17876.001228
1971.3262,1235,17876.453472
1995.3464,1117,17876.453543
2006.5485,1173,17876.939247
1592.5756,943,17878.465106
1575.6438,1034,17949.329866
1969.7003,1255,17949.419669
1983.108,1211,17950.847852
2168.158,1903,18023.794266
1955.1467,1279,18024.322602
1992.2539,1187,18024.406969
2452.789,2000,18024.616558
1601.4736,951,18024.76161
2012.9747,1185,18025.11481
3496.6978,2000,18026.472078
2000.6797,1273,18026.730816
2437.8213,1604,18027.27498
1589.2146,1185,18027.353196
1985.385,1233,18105.819934
1997.9126,1223,18107.334252
2000.1266,1203,18108.792055
2029.4348,1436,18109.500991
1612.9122,1099,18170.125075
2228.5015,2000,18170.543311
2006.9241,1113,18171.003935
1714.4672,1230,18171.582471
1595.1062,957,18171.769582
1991.4386,1251,18171.924555
2234.0,2000,18172.629143
1991.335,1153,18173.033714
1973.7463,1217,18280.034814
1971.4071,1261,18281.210098
1984.385,1237,18282.001507
1563.7738,989,18282.670164
2482.117,1832,18282.81751
2014.4012,1105,18284.437089
2000.5033,2000,18351.202301
2745.0972,1571,18352.866121
1707.2767,1167,18353.662371
1999.0,1163,18354.434022
1978.6467,1181,18412.338827
2012.528,1121,18414.584497
2178.0176,1521,18414.752002
2434.8992,1419,18415.224826
1848.9506,1124,18415.272524
2464.8027,1791,18511.905353
2018.4102,1151,18512.56759
2058.0,2000,18512.598996
2115.5251,1257,18513.017776
2379.9019,2000,18513.673305
2002.3955,1117,18514.826685
2232.3013,2000,18515.051845
2021.0,1107,18515.524937
2346.0017,2000,18589.837869
2157.0972,1464,18590.295504
1343.0029,2000,18591.36559
1971.3158,1219,18646.681967
1576.5801,1046,18648.391935
2010.3494,1119,18648.569274
2099.1052,1621,18649.911059
2447.2776,1869,18649.959589
2417.3887,1591,18650.331777
1616.9218,1270,18713.238029
1995.416,1149,18745.817003
2008.3752,1215,18746.144844
2408.1492,1828,18746.955305
2119.822,1623,18747.555986
1967.2048,1265,18748.324723
3184.9912,2000,18815.289552
2329.4785,1834,18817.509813
2176.3723,1543,18817.619667
2194.0247,1688,18817.812314
1595.8835,1254,18819.323898
1976.5934,1217,18882.970966
1572.452,1110,18883.25571
1987.2075,1311,18884.688327
2739.7896,1825,18884.887753
1970.0922,1275,18885.030443
2002.3667,1167,18885.556772
2021.3868,1125,18885.949095
2419.8213,1808,18957.836651
2444.9873,1780,18991.99634
2001.9747,1121,18993.917874
2000.7675,1121,18994.214895
2343.294,2000,18994.369189
2418.6482,1845,18995.049522
1617.3958,915,19058.161704
2180.7493,1415,19059.465706
1708.5856,1179,19060.409747
2409.882,1793,19060.814795
2012.4386,1113,19061.850115
1972.4102,1173,19062.217596
1991.355,1155,19062.393716
1978.2858,1177,19130.173062
2186.9583,1715,19130.61296
2089.3154,1323,19132.294039
1992.9747,1063,19133.123301
1978.8401,1151,19191.449786
1996.1451,1169,19191.74467
2274.752,1511,19227.965479
1982.3958,1225,19229.198039
2463.8074,2000,19230.52609
2000.3696,1179,19231.669421
1988.3899,1149,19298.431581
1995.4912,1209,19298.616186
2409.8992,1678,19298.998842
1979.2135,1193,19299.017827
1990.2655,1189,19300.042723
1970.1788,1261,19301.020357
2737.1045,1903,19366.578249
3426.0,2000,19366.588314
1601.4305,927,19368.658386
1991.2335,1175,19368.812056
1984.2048,1089,19369.143381
1566.1578,949,19431.907865
2454.2734,1548,19451.071309
2995.8071,1865,19451.089056
2438.8813,1817,19451.483589
1977.6268,1261,19453.157564
1999.3811,1075,19453.647102
1583.5687,1335,19453.771718
1562.5074,2000,19454.148568
2121.844,1451,19454.236033
2997.0,2000,19526.09783
1988.3667,1377,19526.874429
1564.1843,1123,19527.880858
1997.3667,1073,19530.055592
1986.3552,1149,19595.154808
1992.386,1131,19596.741942
1982.3088,1039,19597.188668
2001.4872,1093,19597.893757
1612.9126,847,19599.162909
2289.4133,1785,19599.948025
1996.3696,1033,19601.708361
2001.3146,1095,19680.051239
2738.9624,1717,19680.331169
1990.7941,1211,19680.39818
1603.6289,873,19680.614749
2443.5063,1631,19716.463212
1997.0269,1365,19717.120497
2425.9058,1597,19779.39932
2402.747,1788,19779.489711
1601.9623,1178,19780.881092
2008.094,1037,19780.976772
1991.3645,1179,19781.347371
2143.4915,1450,19781.524301
1963.5839,1113,19782.09773
2041.7007,1472,19851.797274
2020.6332,1059,19851.897344
2436.3982,1693,19852.669102
2009.9136,1137,19852.669172
1997.5579,1129,19852.804827
1989.3146,1203,19852.880727
1999.1451,1125,19855.384521
1612.3262,925,19922.058995
2460.069,1606,19922.077302
1604.225,831,19955.632985
1598.449,969,19957.409761
1998.3291,1123,19957.482884
1585.2278,905,19957.946515
1998.528,1139,19958.117446
2045.4751,1263,20022.802634
1695.8248,1437,20022.975741
2578.7793,1947,20023.903484
1983.3684,1181,20024.266369
2003.9136,1185,20025.219789
1606.248,823,20025.725156
1952.9911,1265,20026.159314
2045.0518,1304,20026.260892
1988.0895,1149,20097.480397
1991.3667,1095,20099.302688
1617.4305,853,20099.530809
2075.1511,1295,20099.961154
2416.9934,1724,20100.188807
1999.3899,1211,20163.122051
1991.5076,1173,20163.441092
2011.3608,1125,20163.942351
1985.8228,1101,20197.342198
2409.657,1554,20198.833087
2015.3755,1147,20261.084093
1183.3622,737,20261.348006
2273.4116,1618,20261.861871
2056.523,1411,20262.89652
2000.3059,1211,20322.347825
2015.4102,1263,20322.458128
2126.5217,1503,20322.565975
2743.8113,1663,20322.621073
2837.614,1955,20323.390664
2429.4905,1859,20323.437682
2007.4102,1233,20324.954934
2014.4012,1149,20324.964901
2454.8647,1620,20325.495489
1994.6223,1223,20406.112952
2221.7144,1671,20440.000071
2011.335,1233,20440.028205
1992.8219,1185,20440.438111
2010.6646,1281,20440.754542
2002.3146,1105,20503.674362
1992.0709,1177,20504.243095
2545.3027,2000,20504.466137
1999.3059,1263,20504.790272
2008.9374,1149,20504.842039
1985.5088,1169,20504.977217
1734.9436,1287,20505.097721
1955.0859,1265,20576.911362
1999.6298,1321,20577.868686
2006.6802,1069,20578.049066
1991.802,2000,20578.479134
1593.056,1110,20579.727746
2001.3552,1127,20579.897578
1853.0504,1377,20648.2368
2530.5364,1886,20648.236869
2148.8533,1509,20684.103322
1992.8481,1167,20684.591561
1993.4562,1241,20685.773037
1796.3956,1545,20747.331136
2003.3696,1147,20747.987452
1609.9132,1074,20748.756781
2400.9277,1807,20749.249352
1594.3406,837,20749.296479
2719.601,2000,20812.300141
2918.0,2000,20813.512719
2665.898,2000,20813.779954
1574.7468,979,20814.528659
1977.8219,1295,20815.442091
2002.5756,1165,20815.770016
2399.4636,1830,20815.795907
2614.099,2000,20816.162649
1823.3019,2000,20887.59048
1989.4562,1255,20888.768407
2361.0034,2000,20922.873277
1597.0839,1092,20923.806965
2009.3667,1169,20923.877782
2022.3406,1173,20986.544112
1586.3275,1287,20987.577535
1951.0518,1165,20987.630635
2440.79,1391,20988.06892
1576.8219,991,20989.098127
1603.5756,971,20989.269341
2009.9747,1131,20989.451136
1610.3262,943,21058.882996
2018.6802,1145,21059.391534
1592.2452,951,21062.017766
2430.801,1692,21062.697401
1983.2808,1235,21062.955372
1987.3236,1169,21063.176597
2182.2812,1611,21129.546684
2434.424,1910,21129.690943
1612.4221,1225,21129.820888
1996.3752,1251,21152.455483
1973.595,1209,21211.929394
1975.1643,1133,21212.184739
2170.0723,1431,21212.611676
2426.2917,1720,21213.654225
2119.4255,1515,21214.460753
2423.4207,1597,21215.062997
1985.3262,1225,21280.062598
2399.0,2000,21281.296948
2148.1873,1385,21282.029893
1975.3088,1225,21282.474466
2193.1926,1497,21283.344121
2426.6108,1958,21284.242602
1992.3146,1281,21351.164632
2409.8213,1704,21351.479301
1980.7975,1223,21352.038009
2604.2063,2000,21385.087125
1611.0175,1383,21444.831261
2589.8882,2000,21445.004351
1597.626,1215,21446.37677
1999.3291,1243,21450.823458
2421.3936,2000,21516.859626
2409.7954,1876,21517.414654
2111.9824,1425,21519.472275
2179.7007,1987,21520.05663
2476.0667,1848,21520.282926
2010.0507,1109,21520.836705
1982.567,1453,21521.164535
2418.8213,1682,21521.600043
2744.4575,1924,21595.660751
2171.8313,1592,21597.574306
2207.2493,1495,21598.487613
2135.0908,1419,21632.928002
2431.8416,1768,21633.197288
2410.871,1606,21688.382504
1967.2886,1241,21688.956652
2443.439,1630,21689.269989
1993.3262,1167,21689.27699
1980.4036,1127,21690.36311
1579.7468,1084,21690.810499
1994.3464,1147,21690.959365
1986.5646,1145,21749.377055
2429.906,1353,21751.704981
2714.801,2000,21798.448901
2147.609,1405,21798.870344
2002.3899,1113,21800.088429
2794.0,2000,21800.168357
2443.8992,1405,21800.355236
2918.0,2000,21801.180567
2364.9836,1587,21830.950378
2435.8508,1412,21831.497069
2423.801,1562,21831.626939
1837.962,1168,21895.101666
2020.772,1352,21896.113043
2440.4934,1680,21897.464993
2018.4036,2000,21949.980851
2008.403,1779,21950.749734
2462.3508,1924,21951.469943
2111.296,1377,21952.773037
2010.8987,1175,22013.44453
2477.6907,2000,22014.329658
2000.8763,1065,22015.005193
2742.9827,1680,22015.038381
1980.4386,1241,22015.078724
2829.0544,1695,22045.639398
2801.801,2000,22108.231735
2406.801,1837,22109.545856
2794.7012,2000,22110.149005
1600.5144,1054,22110.565279
1487.6094,2000,22111.315413
2865.9019,2000,22111.884944
2929.2014,2000,22112.007729
1979.2048,1181,22112.46262
1994.3752,1119,22179.156745
2471.3306,1525,22179.945729
1586.9595,941,22180.537788
1625.6534,875,22232.704058
1996.3696,1183,22232.911081
2017.4012,1073,22233.08182
1971.6405,1261,22233.52644
2441.481,1486,22233.92503
1986.9136,1197,22235.919438
2011.416,1061,22265.470443
2506.1685,1688,22324.196925
1970.242,1339,22325.120409
2438.0107,1799,22325.296846
2003.3059,1173,22326.316206
2006.1267,1355,22326.356556
1969.1528,1285,22326.380378
2428.8416,1665,22386.437413
2454.001,2000,22387.993709
2106.3599,1249,22388.123347
2012.3899,1233,22388.179113
2008.9493,1163,22388.576455
1593.8977,1251,22388.928218
1609.4386,879,22389.463592
1989.2539,1077,22390.276766
2731.439,1831,22455.484759
1577.4003,877,22455.569494
2007.3204,1575,22456.207671
1995.5485,1023,22456.707959
2721.7793,1515,22458.782302
2011.4071,1131,22458.924609
1990.3262,1127,22458.931844
1996.3752,1253,22724.911494
1988.3494,1095,22725.727679
1989.5839,1183,22727.980554
1977.7468,1137,22728.228988
1988.5756,1107,22782.866463
1573.8729,1124,22782.91395
1975.416,1203,22783.304422
1597.3059,893,22783.994539
2036.0282,1148,22784.008934
2162.0247,1567,22784.053065
2438.165,1636,22784.486744
2442.4512,1610,22784.948453
1983.2655,1163,22847.546721
2426.8901,1752,22848.08359
1998.2886,1063,22848.429236
2562.007,1746,22849.463375
2178.2283,1592,22850.390819
1999.7379,1131,22850.747941
1801.2609,1121,22934.354153
1594.1643,811,22934.797988
1978.5756,989,22934.886046
2000.3755,1161,22936.532549
1976.248,1009,22936.665748
2337.2717,1369,22937.728148
2228.2905,2000,22937.943611
2002.3899,1069,23143.540161
1983.4562,1159,23143.902473
2446.6287,1631,23145.004192
1615.9493,885,23145.022873
2425.882,1633,23145.088188
2741.0369,1590,23201.068516
1980.5579,1087,23201.452365
2427.6404,1787,23201.635276
1996.3868,1183,23202.147962
1995.6995,1379,23203.050626
1608.3348,887,23203.128831
2444.8154,1616,23203.45364
2341.5881,1538,23203.886435
1996.3494,1161,23204.061459
2007.4363,1221,23204.376397
2005.238,1135,23282.507291
1978.386,1013,23283.715776
1732.9767,1042,23284.7846
1986.225,1183,23335.997835
2566.2585,1598,23336.1467
1981.5934,1155,23336.173041
1620.9374,909,23336.709706
1974.8582,1205,23336.771913
1999.6995,1099,23337.40902
2001.3608,1055,23337.472311
2183.452,1589,23337.507492
2894.6028,1629,23337.88445
1639.8438,1055,23405.835778
1635.696,1190,23406.451725
2166.8416,1407,23407.895165
2417.7861,1614,23408.563415
1968.4912,1299,23460.179446
2014.5485,1191,23489.560577
2637.8003,2000,23490.540113
2012.8424,1131,23492.019862
1730.3832,1122,23492.362311
1979.1586,1039,23492.421658
1999.7856,1177,23492.820781
1600.2133,939,23552.114219
1586.1467,797,23552.408616
2008.1451,1109,23552.933201
2244.6648,1415,23553.977055
1617.3752,923,23554.267924
2365.9624,1530,23555.424649
2749.0254,1585,23555.489813
1569.0428,927,23617.530318
1977.4036,1181,23618.256967
2510.5015,2000,23618.616196
3443.7007,2000,23618.772062
2003.6646,1157,23621.380773
1594.5067,803,23707.519041
1995.8401,1165,23707.944118
1974.6508,1267,23708.304253
2565.0,2000,23711.42746
1634.2258,1131,33799.383107
2052.8508,1556,33799.7377
1592.2858,925,33799.769113
1972.2452,1179,33801.121513
1603.2808,1099,33801.133001
1677.7366,1045,33801.195788
2698.398,1851,33801.225443
2718.6433,1704,33801.630804
2433.5063,1456,33802.854364
2812.7175,1774,33803.087503
2710.7302,1772,33899.187405
1984.5453,1199,33902.69621
2376.9814,1590,33974.19214
1589.9878,909,33998.608896
2431.5295,1544,33998.706256
2426.923,1507,33998.738549
2168.3801,1283,34002.112115
2438.028,1369,34002.442034
1948.3158,1220,34003.875016
2555.4153,1397,34004.725111
2425.7842,1430,34096.903803
2213.7341,1429,34098.433282
2455.1973,1907,34100.306173
1987.8983,1493,34156.324623
1594.9374,961,34156.879773
744.50256,2000,34157.96847
882.4131,2000,34158.345453
2427.413,1630,34159.364931
3098.0312,1991,34159.495868
1583.193,963,34159.987925
2391.0654,1561,34253.365222
2418.8213,1498,34254.821471
2182.7341,1483,34254.870893
1608.2279,1155,34256.450523
3163.2224,1974,34257.268137
3083.5898,1954,34337.757648
1592.2075,927,34338.810079
1980.818,1185,34339.830917
2858.0,2000,34341.55901
3276.0,2000,34413.957196
2185.7847,1561,34415.45024
2150.0347,1412,34416.184399
1720.5074,1137,34417.516665
2636.0613,1945,34417.801022
866.8135,2000,34417.855076
2204.4736,1679,34418.696314
1600.2886,903,34502.456757
1550.2053,2000,34543.805545
2505.8054,2000,34606.010668
2530.3052,1755,34606.254141
2431.947,1445,34606.382911
2531.0,2000,34607.364878
3091.0,2000,34609.372053
1626.2394,1208,34609.66538
1578.6898,1077,34609.686478
3039.0,2000,34609.937705
1990.1451,1091,34700.689917
1749.3047,1145,34701.570942
2471.2632,1806,34701.605134
2159.881,1564,34704.804732
2716.9976,2000,34778.825866
2310.998,1275,34778.873897
2853.0,2000,34831.25149
1590.1322,873,34832.716027
1988.9136,1233,34832.980747
2251.3022,2000,34833.27784
1994.1014,1403,34834.623972
1599.386,935,34911.755609
1678.3304,1297,34913.923689
1963.3291,1177,34914.2887
1582.7596,1128,34982.461124
2737.4893,1649,34982.707177
889.30115,2000,34982.822257
1734.8381,1139,34983.936722
3030.0994,2000,34984.459998
2021.701,2000,34986.961029
689.8164,2000,35071.843433
2004.3667,1227,35072.545836
2173.9133,1366,35073.487821
2445.01,1681,35073.804517
2072.0708,1379,35073.963166
1590.2278,935,35094.587763
1996.4386,1211,35094.934953
2449.7957,1847,35097.637746
2563.6328,1671,35193.669541
1758.6178,1248,35194.826643
2204.3909,1451,35197.311218
2082.3198,1471,35268.302355
1599.6969,1157,35269.688576
1402.7069,2000,35269.824982
2753.2974,1762,35270.526464
2075.1736,1327,35273.023345
2581.7659,1735,35356.331068
2183.0056,1501,35356.651827
2479.201,2000,35356.720682
1989.8734,1139,35407.42888
2735.705,1795,35407.660942
2437.228,1594,35407.957382
2426.3445,1790,35409.629209
1594.6802,947,35496.490846
2696.5,2000,35497.508962
2001.4071,1119,35499.649205
2605.421,1950,35500.757738
1606.2466,1170,35501.224261
2150.5908,2000,35581.434092
2827.9104,1845,35582.299155
1970.4386,1217,35584.609101
2027.2417,1552,35654.447821
2456.2395,1847,35654.495879
2332.391,1474,35654.841944
1996.009,1143,35654.871249
2120.5723,1603,35656.581495
2692.0,1640,35689.665324
2435.4558,1822,35761.687267
1987.937,1161,35761.987839
2004.4071,1303,35762.098254
752.80493,2000,35762.463146
1959.0049,1205,35765.258851
2914.9004,2000,35766.2862
1608.9521,1061,35837.438153
3188.4976,2000,35837.475175
1725.437,1265,35839.265423
2668.0,2000,35840.105337
2025.0187,1372,35840.677704
2216.8337,1425,35909.909343
2245.3994,2000,35911.093617
2936.0,2000,35942.383278
2374.0,2000,36005.339586
2007.5664,1135,36006.869598
1595.3696,947,36006.960487
2831.5874,1875,36007.200917
2112.7966,1742,36007.725593
1568.7815,1233,36007.741523
2391.7842,1761,36007.998514
1576.6029,973,36008.60792
2714.6016,1808,36008.796699
1211.451,771,36009.870216
2725.3994,2000,36009.928324
2434.801,1696,36110.254956
2188.9272,1329,36111.404508
749.60596,2000,36114.330218
1586.6292,1065,36179.083141
1595.92,921,36180.104119
1594.7494,969,36180.557445
2420.9653,1653,36180.674747
2115.5615,1343,36180.968631
2035.0895,1229,36267.6823
1647.9644,1141,36267.846831
2138.435,1369,36268.174739
2170.974,1625,36269.681887
1976.3204,1183,36269.691276
2155.6785,1344,36270.187045
2434.3818,1490,36271.051869
2710.84,1866,36271.662929
2010.6802,1103,36271.673528
1844.2017,2000,36352.457279
817.4043,2000,36354.157335
1985.0217,1203,36354.455695
2423.0645,1589,36419.564882
1957.0834,1225,36420.082112
1995.3204,1129,36431.150371
2210.6294,1915,36431.48051
1970.1638,1247,36432.400145
1642.9165,1817,36504.800279
1990.903,1189,36505.530018
1711.2104,2000,36506.223991
1591.1259,1211,36506.454099
2129.253,1683,36506.799527
1593.8523,909,36506.871056
2348.5952,1995,36594.752428
2708.2253,1586,36594.857729
2434.024,1755,36594.943877
2164.1995,1559,36595.789746
2166.693,1391,36595.959775
1976.1846,1167,36598.315297
1594.7457,881,36598.861923
1950.9418,1267,36673.035093
1989.0709,1093,36673.233196
2048.7954,1281,36673.951922
1709.7458,1131,36675.283809
2001.0217,1107,36675.432225
2429.7861,1496,36704.712414
2120.7144,1233,36705.151793
2395.6235,1869,36787.316308
1599.4071,957,36788.810037
2187.4998,1517,36843.879805
1989.2378,1592,36844.453413
2942.9023,2000,36844.662713
2433.7617,1689,36845.61991
1872.8187,1155,36846.239653
2719.053,1679,36846.368618
1588.559,1260,36846.554444
1619.1041,1096,36847.032915
2318.8945,2000,36931.950469
1616.816,1352,36932.041702
2436.2695,1723,36932.198272
1936.0172,1409,36933.789293
2327.584,2000,36934.520099
1586.0176,1091,36947.963227
1971.5067,1109,37026.291133
1582.1062,943,37027.899218
1977.167,1095,37027.899287
1597.8615,1231,37028.269377
2806.8,2000,37028.446517
1605.824,1241,37029.949637
1198.2178,689,37107.178984
2158.6328,1594,37107.769619
1616.2102,1302,37108.376621
2046.1859,1365,37108.686509
864.5045,2000,37108.686595
1561.2036,2000,37175.645124
1981.4036,1211,37176.185042
1592.1873,903,37176.820874
1572.741,1474,37177.582694
2239.5967,2000,37177.830373
1611.3002,831,37178.203733
2436.1992,2000,37280.761443
2706.9644,1899,37282.139659
1589.4248,953,37282.687283
1973.6416,1177,37284.23359
2431.4207,1716,37284.807433
2165.7847,1777,37352.361178
2437.0269,1749,37352.647986
1610.924,1064,37355.606355
2750.667,1460,37356.997831
2407.247,1744,37420.340784
2139.9473,1576,37420.534995
1982.937,1091,37420.568197
2432.0078,1486,37421.025334
2418.943,1529,37421.685276
2332.7046,2000,37423.086595
2852.901,2000,37423.086665
2423.5225,1800,37423.245127
1980.5067,1143,37532.239555
2048.6472,1357,37532.763987
1963.3291,1141,37533.073117
1606.0723,1282,37534.207395
2101.2556,1353,37535.368258
1961.2192,1221,37606.636726
1601.8862,907,37606.636781
2796.3887,2000,37607.979992
1994.903,1093,37608.103735
2000.9374,1037,37610.344871
2747.3647,1647,37681.768834
2142.1716,1551,37683.042601
1592.2338,943,37683.88041
1974.5487,1217,37683.889588
1971.1062,1287,37684.866268
1992.8401,1171,37684.912052
2416.744,1589,37685.681391
2362.7842,1459,37718.911059
2237.3877,2000,37806.255251
2430.943,1936,37806.806156
2166.1448,1779,37806.924052
2010.3868,1075,37807.618327
1981.199,1257,37807.991344
